{
    "Wheel": {
        "distribution": [
            0.639344262295082, 
            0.36065573770491804
        ], 
        "scale": [
            0.0, 
            1.0
        ]
    }, 
    "Category": {
        "distribution": [
            0.4426229508196721, 
            0.09836065573770492, 
            0.3114754098360656, 
            0.11475409836065574, 
            0.01639344262295082, 
            0.01639344262295082
        ], 
        "scale": [
            1.0, 
            2.0, 
            3.0, 
            4.0, 
            5.0, 
            10.0
        ]
    }, 
    "Cylinders": {
        "distribution": [
            0.01639344262295082, 
            0.03278688524590164, 
            0.6557377049180327, 
            0.01639344262295082, 
            0.26229508196721313, 
            0.01639344262295082
        ], 
        "scale": [
            1.0, 
            2.0, 
            4.0, 
            5.0, 
            6.0, 
            8.0
        ]
    }, 
    "Engine volume": {
        "distribution": [
            0.03278688524590164, 
            0.2459016393442623, 
            0.4918032786885246, 
            0.16393442622950818, 
            0.04918032786885246, 
            0.01639344262295082
        ], 
        "scale": [
            0.0, 
            1.0, 
            2.0, 
            3.0, 
            4.0, 
            6.0
        ]
    }, 
    "Prod. year_formatted": {
        "distribution": [
            0.14754098360655737, 
            0.03278688524590164, 
            0.16393442622950818, 
            0.04918032786885246, 
            0.11475409836065574, 
            0.08196721311475409, 
            0.11475409836065574, 
            0.13114754098360656, 
            0.06557377049180328, 
            0.09836065573770492
        ], 
        "scale": [
            5.290000000000001, 
            7.290000000000001, 
            8.91, 
            10.41, 
            12.0, 
            13.5, 
            15.0, 
            16.5, 
            17.5, 
            19.0
        ]
    }, 
    "Gear box type": {
        "distribution": [
            0.7049180327868853, 
            0.16393442622950818, 
            0.11475409836065574, 
            0.01639344262295082
        ], 
        "scale": [
            1.0, 
            2.0, 
            3.0, 
            4.0
        ]
    }, 
    "Airbags": {
        "distribution": [
            0.09836065573770492, 
            0.01639344262295082, 
            0.13114754098360656, 
            0.21311475409836064, 
            0.01639344262295082, 
            0.11475409836065574, 
            0.14754098360655737, 
            0.03278688524590164, 
            0.22950819672131148
        ], 
        "scale": [
            0.0, 
            1.0, 
            2.0, 
            4.0, 
            5.0, 
            6.0, 
            8.0, 
            10.0, 
            12.0
        ]
    }, 
    "Fuel type": {
        "distribution": [
            0.6229508196721312, 
            0.01639344262295082, 
            0.2786885245901639, 
            0.04918032786885246, 
            0.03278688524590164
        ], 
        "scale": [
            1.0, 
            2.0, 
            3.0, 
            4.0, 
            6.0
        ]
    }, 
    "Drive wheels": {
        "distribution": [
            0.7213114754098361, 
            0.18032786885245902, 
            0.09836065573770492
        ], 
        "scale": [
            0.0, 
            1.0, 
            2.0
        ]
    }, 
    "Leather interior": {
        "distribution": [
            0.5901639344262295, 
            0.4098360655737705
        ], 
        "scale": [
            0.0, 
            1.0
        ]
    }
}