{
    "usedGridSearch": true, 
    "gridSize": 2, 
    "rawImportance": {
        "variables": [
            "Airbags", 
            "Category", 
            "Cylinders", 
            "Drive wheels", 
            "Engine volume", 
            "Fuel type", 
            "Gear box type", 
            "Leather interior", 
            "Prod. year_formatted", 
            "Wheel"
        ], 
        "importances": [
            0.14584804948067148, 
            0.14141457856740786, 
            0.009597946402867331, 
            0.10316437571385317, 
            0.31775154525869964, 
            0.05188693175022577, 
            0.008064957287362777, 
            0.04956529482379662, 
            0.17021577444287886, 
            0.002490546272236599
        ]
    }, 
    "modelInputNRows": 283, 
    "partialDependencies": [
        {
            "featureBins": [
                1.0695158092488555e-07, 
                1.0000001626947954, 
                2.00000021843801, 
                3.0000000175947648, 
                4.000000073337979, 
                5.0000000007879635, 
                5.999999992384563, 
                6.999999983981163, 
                8.000000039724377, 
                9.000000095467591, 
                9.999999894624347, 
                11.999999749524315, 
                15.999999972497173
            ], 
            "data": [
                [
                    -3.057160458653428, 
                    -3.057160458653428, 
                    -2.9256954902019388, 
                    -3.0670692754994064, 
                    -5.461517682152362, 
                    -6.073526212876779, 
                    -5.220420826389841, 
                    -5.25001858520865, 
                    2.501189832848219, 
                    3.2070161602749607, 
                    3.7439665468286023, 
                    3.962421666153098, 
                    3.962421666153098
                ]
            ], 
            "feature": "Airbags"
        }, 
        {
            "featureBins": [
                0.9999999798359183, 
                2.000000001081138, 
                3.00000000124592, 
                4.000000054111796, 
                5.000000022655922
            ], 
            "data": [
                [
                    5.446064420289723, 
                    3.8440759971250316, 
                    -6.917758514336178, 
                    -4.7812907071338415, 
                    -4.7812907071338415
                ]
            ], 
            "feature": "Category"
        }, 
        {
            "featureBins": [
                1.9999999430032585, 
                3.999999983007898, 
                4.9999999856960144, 
                5.999999953755726, 
                6.99999988718703, 
                8.000000097645582, 
                9.999999964508193, 
                11.999999831370804
            ], 
            "data": [
                [
                    -0.06349302009150648, 
                    -0.06349302009150648, 
                    -0.06349302009150648, 
                    0.6995984427998962, 
                    0.6995984427998962, 
                    0.6995984427998962, 
                    0.6995984427998962, 
                    0.6995984427998962
                ]
            ], 
            "feature": "Cylinders"
        }, 
        {
            "featureBins": [
                2.693521572449953e-09, 
                1.000000019204988, 
                1.9999999968635245
            ], 
            "data": [
                [
                    -3.427831803050111, 
                    4.59409095103301, 
                    4.520741980675638
                ]
            ], 
            "feature": "Drive wheels"
        }, 
        {
            "featureBins": [
                1.003351468575886e-07, 
                0.9999999577091401, 
                2.0000000131943914, 
                3.0000000120764265, 
                3.999999982656853, 
                4.99999995323728, 
                5.999999923817706
            ], 
            "data": [
                [
                    -5.9599666143601695, 
                    -5.9599666143601695, 
                    -5.895231225318959, 
                    19.099588651122367, 
                    18.922850146312562, 
                    18.922850146312562, 
                    18.922850146312562
                ]
            ], 
            "feature": "Engine volume"
        }, 
        {
            "featureBins": [
                1.0000000065868309, 
                2.000000001489316, 
                2.999999978746334, 
                3.9999999648260856, 
                5.999999936985589
            ], 
            "data": [
                [
                    -1.331711908111501, 
                    1.3224951102879388, 
                    2.816757939408035, 
                    2.816757939408035, 
                    2.816757939408035
                ]
            ], 
            "feature": "Fuel type"
        }, 
        {
            "featureBins": [
                1.000000000395548, 
                2.0000000062209793, 
                2.9999999865406077, 
                4.0000000688834465
            ], 
            "data": [
                [
                    0.3864110974997388, 
                    -0.5303316887617839, 
                    -0.44872584679919925, 
                    -0.44872584679919925
                ]
            ], 
            "feature": "Gear box type"
        }, 
        {
            "featureBins": [
                -2.1216823076208868e-08, 
                1.0000000027095721
            ], 
            "data": [
                [
                    -1.879896829513477, 
                    1.3179675009145129
                ]
            ], 
            "feature": "Leather interior"
        }, 
        {
            "featureBins": [
                2.0000003069425, 
                3.0000003068093566, 
                4.000000306676212, 
                4.999999979706377, 
                5.999999979573234, 
                6.999999979440091, 
                7.9999999793069465, 
                8.999999979173802, 
                9.999999999467953, 
                10.999999978907516, 
                11.999999978774373, 
                12.999999978641227, 
                13.999999978508084, 
                14.999999978374941, 
                16.000000305078487, 
                17.000000304945345, 
                18.0000003048122, 
                19.000000304679055, 
                20.000000304545914, 
                21.00000030441277, 
                22.000000304279624, 
                23.000000304146482, 
                24.00000030401334, 
                26.00000030374705, 
                28.000000303480764
            ], 
            "data": [
                [
                    9.67478600933034, 
                    9.67478600933034, 
                    9.67478600933034, 
                    9.67478600933034, 
                    9.67478600933034, 
                    9.67478600933034, 
                    9.581145406754949, 
                    3.4632770751220576, 
                    -2.6516315088409144, 
                    -3.3976530247633008, 
                    -3.7620598097731346, 
                    -3.8792834194224426, 
                    -4.504977575910289, 
                    -6.0993907545001065, 
                    -7.905784874615058, 
                    -7.658491968418474, 
                    -7.136995096405684, 
                    -7.136995096405684, 
                    -7.136995096405684, 
                    -7.136995096405684, 
                    -7.136995096405684, 
                    -7.136995096405684, 
                    -7.136995096405684, 
                    -7.136995096405684, 
                    -7.136995096405684
                ]
            ],