{
    "shifts": [
        0.07827067669172932, 
        2.0278195488721806, 
        4.5562406015037595, 
        2.473082706766917, 
        9.833759398496241, 
        1.4176691729323307, 
        6.528045112781955, 
        1.9096992481203008, 
        0.3888721804511278, 
        0.7478195488721805
    ], 
    "columns": [
        "Wheel", 
        "Category", 
        "Cylinders", 
        "Engine volume", 
        "Prod. year_formatted", 
        "Gear box type", 
        "Airbags", 
        "Fuel type", 
        "Drive wheels", 
        "Leather interior"
    ], 
    "inv_scales": [
        3.7229090466046366, 
        0.706871531787264, 
        0.8606322384587674, 
        1.0530257534832306, 
        0.18236827852769916, 
        1.1684526435018685, 
        0.2322984804362509, 
        0.8444753406775782, 
        1.534109388293414, 
        2.3026586220068155
    ]
}